repo_url,token_count
https://github.com/Simon-0711/ta_lyrics_sentiment_classification/,5652606
https://github.com/TinkerWorks/HomeSensorHub/,12072
https://github.com/ndsev/zswag/,57022
https://github.com/OpenPSD/modelbank/,11600
https://github.com/ballerina-platform/asyncapi-tools/,104180
https://github.com/quasirsg/Henry-M3/,104921
https://github.com/inovex/scrumlr.io/,98308
https://github.com/s-sokolko/smev3_adapter_service/,50830
https://github.com/EOS-Nation/dfuse-docs/,50444
https://github.com/IBM/IBM-Spectrum-Scale-Security-Posture/,9385
https://github.com/matryx/MatryxPlatform/,327183
https://github.com/batatero/arquiteturaPHP00/,118989
https://github.com/Taymindis/fcgi-function/,17569
https://github.com/duanfuxiang0/MysqlMigrationTool/,636
https://github.com/awslabs/benchmark-ai/,30910
