Repository Name;Last Commit Date
duanfuxiang0/MysqlMigrationTool;2019-08-22T08:36:25Z
Connor1996/Pokemon;2016-12-28T06:12:44Z
awslabs/benchmark-ai;2020-09-03T18:37:40Z
gaiax/fLibra;2020-03-19T00:06:47Z
oracle-quickstart/oci-confluent;2020-10-15T19:27:38Z
jlhood/retweet-leaderboard;2021-12-16T16:08:38Z
bluekiri/mlab;2018-06-20T08:01:00Z
mcuking/offline-package-webpack-plugin;2022-11-07T10:09:05Z
codestates/BEB-05-LeeSea;2022-08-21T11:43:57Z
LouisvilleMetro/WazeCCPProcessor;2019-05-01T18:48:11Z
KMuthumala/ESP32-BLE-Beaconing;2020-11-20T16:12:04Z
DecenterApps/ResistanceProtocol;2023-01-13T20:11:07Z
llvm/torch-mlir;2025-09-29T13:47:06Z
lowtalkers/escape-reality;2018-05-29T06:27:21Z
sugarlabs/musicblocks-v4-lib;2022-11-12T01:33:23Z
leopardslab/gocloud;2020-01-13T13:22:55Z
aws-solutions/automated-security-response-on-aws;2025-08-14T19:43:31Z
codahale/sneaker;2017-01-14T17:47:08Z
emreturgutce/stock-management;2021-07-22T15:04:22Z
chirgjin/track-my-events;2023-02-20T11:18:09Z
jun108059/Elasticsearch-SpringBoot;2020-10-07T08:21:16Z
onprem/foundry;2021-02-04T21:38:48Z
philipplackner/IvyWallet-PL_Version;2025-07-09T13:15:16Z
michaelsrichter/azure.owasp;2016-02-19T05:13:05Z
IBM/vpc-flowlogs-log-analysis;2021-12-23T20:54:54Z
NatalieLouise91/T3A2-Skemi-FrontEnd;2022-01-17T07:32:18Z
kerollesroshdi/Cima-;2021-08-10T13:48:16Z
takoko55/LectureLens;2023-07-02T10:16:09Z
googleinterns/typescript-flag-upgrade;2020-08-21T16:24:13Z
solenya-group/solenya;2020-05-04T23:58:29Z
23fa-cpsc490/canyough;2023-11-03T02:05:48Z
Resurgence-VM-Development/Resurgence;2023-06-05T16:32:51Z
thangchung/practical-dapr;2021-06-07T03:33:27Z
YashwantChauhan/SDL;2022-02-14T12:25:56Z
hrchlhck/k8s-bigdata;2023-07-11T15:48:48Z
XenitAB/git-auth-proxy;2025-04-22T13:16:25Z
ut-ims-robotics/robotont;2020-02-29T21:56:02Z
anvasquezre/sabiduria_asegurada_experiments;2023-08-12T00:19:20Z
jzyong/GameServer4g;2023-02-07T08:32:57Z
argrecsys/argael;2023-10-13T20:49:49Z
terrenjpeterson/javawatch;2017-02-26T18:26:46Z
Crazy0416/KnowledgeGraph;2019-01-10T12:42:56Z
Taymindis/fcgi-function;2019-05-16T07:08:51Z
McOrts/taller-iot-sensor_radiactividad;2023-02-11T10:36:01Z
UBC-CIC/Student-Connect-App;2021-12-09T22:51:44Z
xydo1990/mlops_zoomcamp_homework;2022-09-25T14:45:26Z
UnoSD/UnoCash;2021-03-06T01:25:59Z
david3107/squatm3gator;2020-05-28T22:44:13Z
iceland2k14/Kangrand;2024-07-10T05:57:12Z
SV-97/HumanResourceMachine;2019-06-10T11:32:44Z
caraml-dev/turing;2025-08-01T10:21:45Z
doitintl/banias;2019-05-30T13:15:14Z
numerica-ideas/ni-microservice-nodejs;2024-07-04T03:12:29Z
gabrielfarah/OpenHub;2014-08-23T19:05:43Z
elpapi42/deep-deblurring;2020-06-08T21:40:10Z
jkahn117/aws-news;2021-05-18T19:11:47Z
meshery/meshery;2025-10-01T02:49:59Z
usds/justice40-tool;2025-03-25T17:54:22Z
gustavung/Graphrec;2017-05-17T10:00:36Z
hamzatugrul/surl;2022-02-27T13:26:34Z
staples-sparx/Wonko;2017-08-02T00:04:09Z
Cpanchal1/Chatbot101-with-AWS-Lambda;2022-03-08T12:23:03Z
davidlandry93/glo4001;2017-11-24T16:20:46Z
dowjones/hammer;2019-06-26T16:23:13Z
IBM/ios-mapkit-indoor-map;2022-02-17T05:18:16Z
onlybakam/reinvent2022-vote-app;2022-11-30T07:01:37Z
thill/kafkacap;2019-10-24T22:56:11Z
fredrikhgrelland/data-mesh;2020-07-01T16:07:45Z
gregoryjohnsonjg6/angular-dotnet-core-docker;2022-12-12T00:32:04Z
batatero/arquiteturaPHP00;2013-10-25T17:17:03Z
Speccy-Rom/SpeccyTV;2025-02-23T14:47:22Z
RunnersHi/RunnersHi_Server;2020-08-12T02:36:14Z
decentraland/catalyst;2025-02-28T15:45:07Z
DanNguyenN/CompassUTD;2023-07-11T18:40:58Z
dsc-sookmyung/2023-mention-all-SolutionChallenge;2023-06-04T14:37:19Z
zalando-incubator/fabric-gateway;2021-11-30T14:03:07Z
apigee/consumer-data-standards-au;2022-07-28T00:59:41Z
today-real-estate/today-real-estate_front-end;2022-03-07T09:10:57Z
mebaysan/Modern-Data-Architecture;2022-09-08T17:35:29Z
anjuchamantha/EMonitor;2020-11-08T16:50:23Z
zwt-sdk/zwt;2020-08-10T06:30:20Z
YW-Ma/Algorithms-Visualizer;2020-01-17T14:10:19Z
alanchn31/Movalytics-Data-Warehouse;2020-06-03T10:11:05Z
Scientific-Computing-Lab-NRCN/compar;2020-07-09T16:32:08Z
matrix-io/matrix-malos-zwave;2021-09-13T17:28:47Z
nikmis/xentrace-analysis;2013-03-04T21:50:44Z
AmnisIO/AmnisIO;2017-07-11T21:11:23Z
bianjieai/tibc;2022-09-04T02:32:40Z
fecgov/fec-eregs;2024-04-23T11:50:27Z
jes/autopatzer;2023-10-03T19:30:19Z
blockchain-signaling-system/bloss-core;2018-12-15T18:05:13Z
dich1/bookshelf-web;2019-03-19T04:58:35Z
SpektraSystems/CloudLabs-Azure;2025-09-23T10:42:35Z
Bytom-Community/Bytom-Server;2018-08-21T06:48:31Z
mbotarro/unijobs;2019-06-26T04:09:26Z
Melacon/WirelessTransportEmulator;2020-06-24T07:42:08Z
unnmdnwb3/dora;2023-03-25T12:41:07Z
eProsima/Integration-Service;2024-10-18T06:10:47Z
gray-panda/grayrepo;2024-11-09T13:21:20Z
marmarek/qubes-app-u2f;2024-11-05T09:07:27Z
zmyzheng/TweetMap;2021-02-16T05:24:15Z
DevOps-Represent/devopsgirls-bootcamp-cn-2;2021-05-11T02:58:12Z
matryx/MatryxPlatform;2019-05-09T19:50:51Z
NeuralDev-io/arclytics_simcct;2020-01-18T03:40:43Z
NicoJuicy/Airline-Microservices;2022-02-26T14:54:00Z
kpantos/Azure-How-To;2021-11-12T11:43:43Z
libremfg/getting-started;2022-01-18T04:13:31Z
coverage-robot/core;2025-09-30T21:51:45Z
mincloud1501/MSA_miniProject;2020-07-28T05:03:38Z
zoolhelmy/ESP8266-Weather-Station;2024-01-02T19:40:00Z
pgrignaffini/AlgoCrowd;2022-07-26T09:53:10Z
spagnuolocarmine/serverless-computing-for-iot;2020-05-19T12:44:03Z
aurelien-m/raspberrypi-rustpy;2020-09-07T11:00:14Z
apache/apisix-dashboard;2025-09-30T02:54:04Z
EMERIC237/Restaurant-reservation-app;2021-09-24T20:02:44Z
s-sokolko/smev3_adapter_service;2019-10-30T04:49:46Z
UoA-eResearch/hub-stack;2025-09-18T21:51:13Z
rinkako/CStoreDBMS;2017-03-22T04:23:24Z
i5ting/stuq-koa;2017-02-23T11:32:19Z
victor369basu/Real-time-stock-market-prediction;2021-02-03T06:43:32Z
IBM/logdna-cos;2021-08-21T16:49:32Z
xinsongyan/talos_pal_locomotion_slmc;2021-07-09T16:52:32Z
FudanOCR/FudanOCR;2020-04-29T09:46:25Z
CodisLabs/codis;2018-11-04T08:22:35Z
vectranetworks/AWS-Traffic-Mirroring-Session-Manager;2020-01-17T19:22:03Z
securesecrets/shadeswap;2023-01-27T22:09:53Z
Spiderpig86/SmoresUnderflow;2024-11-08T03:22:04Z
icoxfog417/karura;2017-04-28T01:58:47Z
hypertrack/live-app-android;2023-02-16T12:42:38Z
yuwen123441/NVMeAutomation;2019-12-02T03:52:40Z
little-hands/webdbpress-2019-10-ddd;2019-10-31T02:19:10Z
Sanperolo/The-Intelligent-Bike;2019-01-13T20:54:17Z
turkcellcloud/jupyter-openshift;2020-08-12T13:16:35Z
padok-team/dojo-terraform-aws-security;2025-09-25T09:23:54Z
EOS-Nation/dfuse-docs;2024-11-03T21:18:15Z
rackerlabs/scantron;2021-08-11T15:13:56Z
elloza/Android-Developer-Certification;2017-04-08T17:53:07Z
SecHack365-Fans/PyJailBreak;2022-09-10T04:39:05Z
madderle/Capstone-Realtime-Streaming-Analytics;2018-07-03T19:09:32Z
IBM/IBM-Spectrum-Scale-Security-Posture;2020-06-27T14:36:28Z
freenowtech/AndroidCI;2019-04-24T20:06:19Z
linhao1998/ChatGPTClient;2023-07-21T08:40:15Z
zeropaper/visual-fiha;2025-08-29T08:27:36Z
eProsima/FIWARE-SH;2023-06-15T07:05:04Z
jsarcher/zilgraph;2021-04-15T13:42:49Z
jquku/Matrix-Chatbot;2020-08-06T22:36:28Z
OpiumProtocol/opium-protocol-v2;2022-12-12T16:57:03Z
nightingaleproject/Reference-Client;2025-07-30T18:58:22Z
dwt0317/Search_Adserver;2018-02-27T10:51:37Z
qaware/cloud-native-weather-javaee;2022-11-14T16:53:55Z
hyper-prog/hasses;2024-11-25T16:03:57Z
nrephi/jupyter-spark-hadoop-docker;2022-01-12T15:54:59Z
IBM/datastax-cassandra-clickstream;2021-10-11T23:00:57Z
afonsocastro/larcc_interface;2025-02-19T18:40:57Z
gcba-iris/iris;2017-03-16T14:31:38Z
hyeonsangjeon/AWS-LLM-SageMaker;2025-06-16T00:40:26Z
ankithans/codeX;2021-04-28T18:01:48Z
marklogic/cloud-enablement-aws;2025-08-12T23:31:03Z
IBM/customer-sentiment-on-seller-quality-nlu-cp4d;2021-02-09T10:07:09Z
aliyun/packagist-mirror;2023-12-19T06:05:57Z
laziestcoder/Budget_App_JS;2019-07-10T16:18:52Z
IBM/spectrum-protect-sppmon;2023-02-23T15:39:49Z
input-output-hk/marlowe-starter-kit;2023-12-13T15:00:01Z
eqbal/CarND_Capstone_CarX;2017-10-16T02:26:49Z
pacmacro/pm-server-spring;2019-12-06T10:14:00Z
ruoccofabrizio/azure-open-ai-embeddings-qna;2023-12-18T15:51:04Z
jinnerbichler/flash-home;2018-02-01T14:48:01Z
OpenPSD/modelbank;2018-07-22T08:55:44Z
minism/hotel;2022-05-08T02:35:20Z
IBM/kubernetes-storage;2021-03-12T16:33:56Z
tamu-datathon-org/galaxy;2024-04-06T00:10:21Z
odh-labs/predictive-maint;2023-02-25T07:50:26Z
DehengYang/APRConfig;2023-02-17T01:24:57Z
brightzheng100/instana-handson-labs;2025-09-10T10:25:38Z
inIT-HF/gr-corrsounder;2018-09-13T09:55:35Z
medlab/320-online-prototype;2022-05-25T04:08:08Z
annashres/CustomerBot;2017-07-27T20:36:43Z
TestHaters/ctflow;2024-03-03T10:33:54Z
ballerina-platform/asyncapi-tools;2025-09-25T06:59:35Z
Fenkey/irma;2021-06-11T10:35:41Z
alexandredev3/nodejs-clean-architeture;2021-03-21T11:47:06Z
Elkinmt19/feature-hero-ml;2022-09-07T20:48:34Z
mateuseap/apache-airflow;2023-07-15T18:43:59Z
mxaviersmp/spotify-tracker;2021-05-03T12:55:30Z
quasirsg/Henry-M3;2020-09-22T10:10:31Z
qnib/qframe;2018-03-18T05:04:13Z
ArnBaudzus/FluxSurfer;2022-02-24T14:50:54Z
swir-rs/swir;2021-04-08T13:37:35Z
dspace-group/simphera-reference-architecture-azure;2025-08-21T14:35:08Z
inovex/scrumlr.io;2025-09-30T09:27:06Z
vishipayyallore/blazorwasm-apim-api-sql-redis;2021-10-17T04:35:06Z
orchsym/runtime;2019-09-02T07:03:46Z
castle-finance/vault-transaction-indexer;2022-10-16T03:35:20Z
hex-js/nodejs-hexagonal-boilerplate-ts;2021-08-30T22:36:18Z
NodleCode/n1;2023-08-10T22:02:26Z
ZID-Automat/Controller-ZIDAutomat;2023-06-23T10:01:50Z
DJMcK/aws-lake-training;2019-09-28T06:21:32Z
nforge/devnote;2014-05-20T14:45:49Z
opstree/OT-Microservices-Training;2021-01-16T07:51:10Z
victorshinya/serverless-chatbot;2020-04-05T03:51:25Z
itselavia/edge-computing-platform-for-deep-learning-apps;2021-05-14T05:51:30Z
danielfm/prometheus-for-developers;2023-12-11T18:07:14Z
cap-ntu/Video-to-Retail-Platform;2021-01-10T02:31:43Z
alfredcs/immersion_day_labs;2023-10-06T23:57:54Z
GoogleCloudPlatform/datacatalog-tag-engine;2025-07-21T01:55:45Z
BoraxTheClean/DevelopmentMachine;2020-12-26T20:21:22Z
lubkoKuzenko/FE-Interview-Questions;2023-04-10T12:37:05Z
Luizbrandt/users-crud-salesforce;2021-09-14T19:58:36Z
becloudway/serverless-data-pipeline;2020-10-31T14:33:17Z
azuregomez/SecurePaaS;2021-11-24T21:51:36Z
marekq/rss-lambda;2021-04-22T14:14:31Z
Software-Engineering-DHBW/bikeminer;2022-03-29T17:41:16Z
OpenRoberta/robertalab-ev3dev;2021-06-03T12:13:02Z
ibm-hyperknowledge/hklib;2023-07-27T15:37:42Z
IBM/cognos-analytics-to-visualize-business-data;2020-09-17T18:33:00Z
beston123/Tarzan;2019-03-13T09:47:09Z
serverdevcamp/camp4_quadcore;2020-03-05T09:35:19Z
heli-os/member-invitation-java-springboot;2022-12-01T08:22:36Z
itays123/partydeck;2021-08-13T09:30:21Z
liyangbing/rocketmq-http-gateway;2020-04-06T07:50:02Z
zeromicro/zero-doc;2025-09-27T03:47:24Z
chsakell/planet-scale-azure;2019-03-15T21:14:56Z
GoogleCloudPlatform/analytics-componentized-patterns;2025-02-05T14:59:43Z
exmgr/GatewayXM;2018-06-13T10:08:27Z
ndsev/zswag;2025-09-10T14:37:21Z
shawntabrizi/Ethereum-Twitter-Bounty;2019-05-07T22:27:53Z
badr42/oke_A1;2022-12-10T19:46:56Z
ev2900/OpenSearch_Dashboard_Nginx_Proxy;2025-09-26T12:48:14Z
AndreasM009/AadApiGatekeeper;2018-10-12T08:30:15Z
kaleidot725/Draft;2022-09-27T09:58:43Z
Azure/AzureStack-QuickStart-Templates;2025-07-01T14:21:15Z
Fintan-contents/case-studies;2020-04-16T10:30:18Z
spikecodes/stotra;2023-08-20T22:23:22Z
blentle/hikarikeeper;2023-08-11T04:28:06Z
tarhses/esp-alarm-clock;2022-05-21T21:21:09Z
balajich/resilience4j-helloworld;2021-02-23T07:19:45Z
clemgbld/blog_back_office;2023-12-18T09:15:41Z
CMU-RERC-APT/tiramisu3-pr;2022-01-26T22:01:53Z
dylanvanh/MunchOut;2022-07-11T12:24:56Z
alextanhongpin/node-rest;2018-05-07T03:01:27Z
IBMDeveloperMEA/YPDL-Recurrent-Neural-Networks-using-TensorFlow-Keras;2021-09-02T06:39:56Z
microsoft/covid19-BackToWork;2020-08-28T20:42:33Z
florianhoehn/sf-apex-rest-api;2021-03-12T21:27:52Z
boot2podman/machine;2021-09-06T19:13:58Z
Xsidelight/flutter_interview_questions;2025-04-16T16:03:08Z
aws-solutions/iot-device-simulator;2025-01-30T20:24:54Z
KuangRD/Autonomous-Driving;2019-04-21T12:32:53Z
teamgram/teamgram-server;2025-08-09T03:02:43Z
calmato/gran-book;2021-11-10T15:49:02Z
lkmSasanga/fas-web-app;2021-10-07T02:34:02Z
alexprut/earth-defender;2016-10-09T17:24:59Z
ShiftLeftSecurity/traceleft;2020-07-24T17:19:29Z
nasa/cFS;2025-07-16T15:43:18Z
0xMelkor/ethereum-node;2022-12-22T09:02:34Z
sfujiwara/terraform-google-ai-platform-notification;2022-02-27T21:26:24Z
allegroai/clearml-agent;2025-08-10T14:58:35Z
ParaStation/psmpi;2025-09-26T08:36:51Z
abel-gr/warehouse-robot;2022-04-18T12:47:36Z
OAID/Tengine;2024-09-15T15:45:52Z
de1ux/statlord;2020-10-12T05:04:28Z
hotshot07/distributed_systems;2022-05-03T15:48:56Z
fdrennan/ndexr-platform;2020-12-30T16:26:07Z
wso2/chef-apim;2024-04-13T08:18:16Z
ra1028/VueFlux;2019-03-28T15:51:06Z
btcpayserver/btcpayserver-doc;2025-08-12T02:25:14Z
ingeniala/heybluekata;2022-11-28T15:01:42Z
WeBankFinTech/DeFiBus;2022-09-07T14:40:21Z
rubenbupe/proyectos-data;2024-01-26T23:00:34Z
open-risk/Open_Risk_API;2024-10-22T09:04:01Z
redbadger/crux;2025-09-15T10:36:52Z
sup2is/e-commerce-project;2020-10-27T01:40:37Z
AhmedAbdelGawadFarag/Shams-Personal-Assistant;2023-02-09T02:38:25Z
Nishu0/anime_nft_marketplace;2023-08-01T07:18:40Z
ertis-research/lwm2m-blockchain;2020-11-01T19:42:44Z
geovanegodoi/MicroServicesPOC;2022-03-04T23:15:16Z
gpsnmeajp/VirtualMotionTracker;2023-02-02T16:27:14Z
intel/edge-insights-vision;2025-09-29T19:28:39Z
mendhak/gpslogger;2025-07-03T07:06:09Z
mrubash1/trainspotting;2017-03-06T00:07:39Z
JessNah/BeeGreen;2021-11-18T19:24:34Z
JuliaParallel/DagScheduler.jl;2020-02-05T21:51:52Z
FPriv/factom-harmony-connect-python-sdk;2020-01-13T18:06:03Z
yoshixmk/remarks;2021-09-19T11:09:00Z
miztiik/aws-real-time-use-cases;2023-05-30T09:05:59Z
gapfish/deployer;2023-11-27T13:57:55Z
vinijmoura/Azure-DevOps;2025-07-21T13:00:19Z
pau-minoves/jseats;2015-05-19T17:41:14Z
kryptokrauts/ae-prediction-cards;2021-05-07T19:59:06Z
bcgov/embc-ess;2022-10-26T17:25:09Z
hyeonsangjeon/youtube-dl-nas;2025-07-08T08:54:40Z
lvyahui8/http-proxy;2019-10-01T17:15:15Z
domingo1021/Bunny-code;2022-11-10T04:24:49Z
adityajain10/foot365-live-streaming-chatbot-prediction-app-on-aws;2020-03-31T06:33:46Z
gdsc-ys/mlops;2022-10-19T08:08:00Z
krishnaprasadkv/Linux-Commands;2021-01-31T10:11:01Z
Simon-0711/ta_lyrics_sentiment_classification;2023-03-03T12:06:32Z
imamabdulazis/FlutterCleanArchitecture;2025-07-22T11:05:16Z
2WAY/Design;2024-03-22T20:04:47Z
microsoft/azure-realtime-fraud-detection;2022-09-13T17:35:39Z
lkravi/kube8aws;2024-07-02T10:11:55Z
MyEMS/myems;2025-09-28T03:41:46Z
kineviz-3D-human-pose-tracking/3d-ai-powered-pose-tracking;2021-08-12T19:24:24Z
avarghesein/ActiveX.NET;2019-11-04T08:15:38Z
leekoko/Java-Web;2020-05-11T02:36:52Z
oracle-quickstart/oci-jenkins;2021-10-11T11:54:38Z
Neighbor-Army/help-with-covid;2020-03-31T22:52:02Z
GoogleCloudPlatform/gke-pubsub-websocket-adapter;2022-12-22T03:10:26Z
pagopa/pn-infra;2025-09-24T10:03:18Z
chrispiro/deploy_plotly_app_on_gcp;2022-11-28T09:16:26Z
ashavijit/Face-Find;2023-08-09T07:01:44Z
Activiti/activiti-7-developers-guide;2024-03-05T10:36:25Z
cordon-thiago/airflow-spark;2022-02-05T10:57:44Z
IBM/torc_py;2021-12-25T23:28:45Z
kansiris/Angular-Interview-Questions-Answers;2022-10-18T08:44:44Z
SimonLdj/hypnolog-server;2021-11-09T22:42:43Z
chaitin/veinmind-tools;2024-01-10T09:08:30Z
IceFireDB/IceFireDB;2025-09-18T14:01:22Z
andrempmattos/harsh-payload;2021-09-07T17:13:22Z
ebu/PlugIt;2018-03-23T08:13:39Z
CMUChimpsLab/Peekaboo;2022-12-20T04:51:15Z
greatfarmer/fifarm;2022-07-03T00:10:57Z
andersonkmi/credit-card-bindb-service-aws;2018-07-23T00:06:19Z
lovasoa/SuperLogger;2020-10-13T09:08:51Z
qunarcorp/m_adr_qapm_open_source;2019-03-25T09:56:34Z
kzh/noob;2020-10-08T08:52:28Z
SocialGouv/archifiltre-docs;2025-01-01T01:18:13Z
OpenIPC/motors;2025-07-26T23:56:07Z
NLP4L/attic-nlp4l;2016-09-22T02:38:55Z
SafeBreach-Labs/hAFL2;2021-07-28T14:44:07Z
darrenyao87/tnn-models;2022-04-18T03:38:43Z
whtngus/whtngus.github.io;2025-09-30T07:36:29Z
openshift/configuration-anomaly-detection;2025-09-25T21:56:22Z
FAC10/week4-jajascript;2017-03-17T15:36:01Z
kubescape/host-scanner;2025-09-29T15:45:09Z
arkaneshiro/Sound-Zone;2021-02-19T05:13:40Z
Enterprise-CMCS/macpro-appian-connector;2025-09-21T03:00:17Z
shinesolutions/sitechecker-slackbot;2016-09-29T13:07:36Z
lowes/auditor;2025-09-24T11:20:10Z
